{"cameraMode":{"drawMode":0,"name":"Shaded","section":"Shading Mode"},"sceneLighting":false,"audioPlay":false,"sceneViewState":{"showFog":true,"showMaterialUpdate":false,"showSkybox":false,"showFlares":true,"showImageEffects":true,"showParticleSystems":true},"in2DMode":false,"pivot":{"x":-3.6749446392059328,"y":1.7511171102523804,"z":-14.90182113647461},"rotation":{"x":-0.25932270288467409,"y":0.6728256940841675,"z":-0.27421271800994875,"w":-0.6362955570220947},"size":4.914167404174805,"orthographic":true}