{"cameraMode":{"drawMode":0,"name":"Shaded","section":"Shading Mode"},"sceneLighting":true,"audioPlay":false,"sceneViewState":{"showFog":true,"showMaterialUpdate":false,"showSkybox":true,"showFlares":true,"showImageEffects":true,"showParticleSystems":true},"in2DMode":false,"pivot":{"x":-11.748191833496094,"y":-23.28289031982422,"z":-20.368995666503908},"rotation":{"x":0.2640911638736725,"y":0.7242597341537476,"z":-0.3677179217338562,"w":0.5201180577278137},"size":151.66720581054688,"orthographic":false}