{"cameraMode":{"drawMode":0,"name":"Shaded","section":"Shading Mode"},"sceneLighting":true,"audioPlay":false,"sceneViewState":{"showFog":true,"showMaterialUpdate":false,"showSkybox":true,"showFlares":true,"showImageEffects":true,"showParticleSystems":true},"in2DMode":false,"pivot":{"x":0.07545772194862366,"y":-1.8115733861923218,"z":8.720958709716797},"rotation":{"x":0.03325056657195091,"y":-0.7602212429046631,"z":0.6476403474807739,"w":0.03903084993362427},"size":13.536651611328125,"orthographic":false}