{"cameraMode":{"drawMode":0,"name":"Shaded","section":"Shading Mode"},"sceneLighting":true,"audioPlay":false,"sceneViewState":{"showFog":true,"showMaterialUpdate":false,"showSkybox":true,"showFlares":true,"showImageEffects":true,"showParticleSystems":true},"in2DMode":false,"pivot":{"x":-0.16942119598388673,"y":2.6793878078460695,"z":11.449125289916993},"rotation":{"x":-0.13410958647727967,"y":0.5814498662948608,"z":-0.09789634495973587,"w":-0.7964726686477661},"size":6.312606334686279,"orthographic":true}