{"cameraMode":{"drawMode":0,"name":"Shaded","section":"Shading Mode"},"sceneLighting":true,"audioPlay":false,"sceneViewState":{"showFog":true,"showMaterialUpdate":false,"showSkybox":true,"showFlares":true,"showImageEffects":true,"showParticleSystems":true},"in2DMode":false,"pivot":{"x":-0.16942119598388673,"y":2.6793878078460695,"z":11.449125289916993},"rotation":{"x":-0.022370673716068269,"y":0.9750106334686279,"z":-0.1883324682712555,"w":-0.11578423529863358},"size":9.23338794708252,"orthographic":true}